Query più frequenti,Clic,Impressioni,CTR,Posizione
vendere olio online,1,20,5%,9.05
siti web per cantine,1,8,12.5%,6.12
web design,0,633,0%,10.68
web designer,0,269,0%,11.71
web design roma,0,230,0%,9.93
siti web roma,0,217,0%,15.24
web design services,0,176,0%,6.32
web development,0,166,0%,6.63
gestionale agriturismo,0,166,0%,22.87
website design,0,161,0%,10.86
software agriturismi,0,159,0%,22.87
sviluppo software,0,153,0%,16.52
web designer roma,0,141,0%,8.26
web hosting,0,136,0%,26.14
web development agency,0,131,0%,22.38
website design companies,0,112,0%,22.5
assistenza siti web,0,109,0%,8.8
web design hosting,0,109,0%,18.17
sviluppo siti web,0,98,0%,21.87
sviluppo web,0,87,0%,4.62
web design company,0,82,0%,13.99
hosting web design,0,78,0%,7.46
web design and development services,0,70,0%,8.66
sviluppo siti web roma,0,67,0%,11.04
sviluppo siti e-commerce,0,64,0%,16.5
web designer a roma,0,59,0%,13.69
website design and development services,0,56,0%,11.68
website designing and development company,0,55,0%,7.82
web design and development,0,53,0%,5.68
sviluppo web roma,0,52,0%,1.67
wordpress design and development company,0,51,0%,4.2
webdesigner,0,50,0%,5.1
software agriturismo,0,49,0%,20.86
website design and development service,0,48,0%,11.92
web development and design services,0,45,0%,8.33
website designing services,0,44,0%,10.11
web desing,0,43,0%,9.37
webdesigner roma,0,43,0%,9.77
sito web per agriturismo,0,38,0%,12.03
realizzazioni siti e-commerce,0,37,0%,18.22
web development services,0,35,0%,3.06
website development,0,34,0%,11.79
software gestionale per prenotazioni agriturismo,0,33,0%,9.91
mobile app development company,0,32,0%,5.25
web solutions,0,32,0%,13.31
siti web a roma,0,32,0%,14.62
sviluppo software web,0,31,0%,2.58
società sviluppo software web,0,31,0%,4.06
software gestionale agriturismo,0,31,0%,15.03
hosting di siti web di e-commerce,0,31,0%,20.19
web designer italia,0,31,0%,21.68
software gestionale per agriturismo,0,30,0%,23.77
web design e sviluppo,0,29,0%,7.55
designer web design,0,29,0%,14.21
wordpress website designing company,0,28,0%,7.36
miglior software gestionale per agriturismo,0,27,0%,31.07
web site development,0,25,0%,6.28
website designer,0,25,0%,17.48
web site design,0,24,0%,11
gestionale cantina,0,24,0%,34.79
software services,0,23,0%,2.83
software web designer,0,23,0%,9.52
web design and web development services,0,23,0%,11.52
software development company,0,23,0%,15
software cantine,0,23,0%,21.13
gestionale per agriturismi,0,23,0%,27.43
matteogaruzzo.com,0,23,0%,36.83
wordpress web designer,0,22,0%,4.55
"""ai integration"" -site:reddit.com -site:twitter.com -site:x.com 
-site:wykop.pl -site:tripadvisor.com -site:youtube.com -site:yelp.com 
-site:booking.com -site:facebook.com -site:instagram.com -site:tiktok.com",0,22,0%,7.09
mobile application development company,0,22,0%,9.32
web design per aziende,0,22,0%,14
booking engine per agriturismo,0,22,0%,23.18
software gestione cantina,0,22,0%,30.73
mg web design,0,21,0%,2.48
mobile web design,0,21,0%,4.29
web design roma nord,0,21,0%,5.43
wordpress web designers,0,21,0%,12.86
hosting ecommerce,0,21,0%,21.62
software gestione cantine,0,21,0%,30.05
siti web e-commerce roma,0,20,0%,7.95
website designing company,0,20,0%,8.85
sviluppo sito web roma,0,20,0%,12.15
software per cantine,0,20,0%,26.45
gestionale cantine,0,20,0%,31.3
website development company,0,19,0%,5.21
web designing services,0,19,0%,9.74
software roma,0,19,0%,11.95
web designer e commerce,0,19,0%,16.42
progettazione web,0,19,0%,17.16
software gestione per agriturismo,0,19,0%,20.58
creazione software,0,18,0%,6.39
mobile app development services,0,18,0%,11.61
software cantina,0,18,0%,31.22
gestionale per cantine,0,18,0%,33
distribuire vino all'estero,0,18,0%,39.17
professional web design services,0,17,0%,5.29
software solutions,0,17,0%,19.41
mobiles webdesign,0,16,0%,3
web designing company,0,16,0%,11.38
web deisgner,0,16,0%,12.25
web designers roma,0,16,0%,13.12
i web designer,0,16,0%,20.38
web design e commerce,0,16,0%,20.44
software agriturismo prenotazioni,0,16,0%,20.88
e commerce designer,0,16,0%,27.12
app development company,0,15,0%,2.8
mobile development,0,15,0%,10.87
iva vino in bottiglia,0,15,0%,11.8
realizzazione siti web torraccia,0,15,0%,13.6
web design sviluppo,0,15,0%,14.33
web page designers,0,15,0%,19.4
vendere vino italiano all'estero,0,15,0%,29.6
web hosting services,0,15,0%,30.33
software oleificio,0,15,0%,38.27
web design solutions,0,14,0%,1.86
società di programmazione software,0,14,0%,14.79
vendere olio extravergine di oliva,0,14,0%,19.29
vendere olio di oliva,0,14,0%,22.07
cantina software,0,14,0%,26.93
software gestionale cantine,0,14,0%,33.93
software vino,0,14,0%,38.93
gestione cantine,0,14,0%,41.29
application development company,0,13,0%,8.46
azienda web design,0,13,0%,19.08
web design italia,0,13,0%,21
gestionale visite in cantina,0,13,0%,21.08
graphic and web designer,0,13,0%,24.92
software cantine vinicole,0,13,0%,36.31
software company,0,12,0%,18.42
società sviluppo software,0,12,0%,24.83
gestionale per cantine vinicole,0,12,0%,42.5
società sviluppo software roma,0,11,0%,16.36
iva vini,0,11,0%,17.36
promozione siti web roma,0,11,0%,18.36
web development company,0,10,0%,3.7
siti web per cantine vitivinicole,0,10,0%,6.2
wordpress site development company,0,10,0%,6.9
software development services,0,10,0%,7.1
iva del vino,0,10,0%,7.5
software design,0,10,0%,12.1
web sesign,0,10,0%,13.8
booking engine agriturismi,0,10,0%,16.7
sviluppo software​,0,10,0%,18.3
web design e-commerce,0,10,0%,22.2
software per frantoi,0,10,0%,46
gestionale vinicolo,0,10,0%,67.9
"site:navigazionelagoiseo.it/punti-vendita ""prenotazioni aperte fino alle 24 
del giorno precedente il viaggio""",0,9,0%,2
website webdesign,0,9,0%,3.56
wordpress website designer,0,9,0%,10.33
servizi web design,0,9,0%,12.22
business suite mantua,0,9,0%,52.33
web master roma,0,8,0%,7.25
web designer wordpress,0,8,0%,7.88
mg solution,0,8,0%,9.5
web development and design,0,8,0%,10
booking engine agriturismo,0,8,0%,12.25
it solution company,0,8,0%,12.38
software telefonia,0,8,0%,14
sviluppo siti,0,8,0%,21.5
graphic web designer,0,8,0%,25.62
software per aziende vinicole,0,8,0%,28.75
software gestionale aziende vitivinicole,0,8,0%,47.88
software hr per il settore vitivinicolo,0,8,0%,52.75
mobile software,0,7,0%,7.14
website development studio,0,7,0%,17
e-commerce solutions,0,7,0%,17.43
società di sviluppo software,0,7,0%,20.86
sviluppatori siti web,0,7,0%,26.86
professional webhosting,0,7,0%,28.57
webhosting,0,7,0%,29
mg solutions,0,6,0%,5
website development services,0,6,0%,5.5
website developers,0,6,0%,7.17
webdesign by,0,6,0%,7.67
mobile application development,0,6,0%,8.67
mobile app development,0,6,0%,9
website solution,0,6,0%,11.17
website design company,0,6,0%,14.83
for web designers,0,6,0%,15.17
software houses,0,6,0%,15.5
realizzazione siti web per cantine,0,6,0%,16.33
restyling siti internet,0,6,0%,17.33
i web design,0,6,0%,18.17
channel manager agriturismi,0,6,0%,26
hosting,0,6,0%,29.5
agenti di processo,0,6,0%,31.83
gestionale per frantoi oleari,0,6,0%,39.33
realizzazione ecommerce per cantine,0,6,0%,42.5
software erp aziende vinicole,0,6,0%,54
website design services,0,5,0%,1.2
professional web design,0,5,0%,2.2
wordpress designer,0,5,0%,4.4
il web design,0,5,0%,7.2
iva vino sfuso,0,5,0%,9.4
webdesigner website,0,5,0%,12.2
siti web per il vino,0,5,0%,12.4
website designing companies,0,5,0%,13
web designing,0,5,0%,13.4
website designing,0,5,0%,13.8
vendere olio,0,5,0%,17
siti web designer,0,5,0%,17.6
software menù agriturismo,0,5,0%,17.6
company web design,0,5,0%,19.2
software imprese,0,5,0%,19.2
hosting di siti web aziendali,0,5,0%,19.8
società informatica roma,0,5,0%,22.2
software aziende vinicole,0,5,0%,33.8
impresa software,0,4,0%,4
web design service,0,4,0%,6
website design and hosting companies,0,4,0%,7
software arredamenti,0,4,0%,7.5
web design and development company,0,4,0%,7.75
agriturismo prenotazione online,0,4,0%,10.75
assistenza siti,0,4,0%,11.25
website design firms,0,4,0%,12.5
realizzazione siti web per cantine vitivinicole,0,4,0%,13.25
web design companies,0,4,0%,13.5
web software,0,4,0%,14
website designers,0,4,0%,14
siti web per agriturismi,0,4,0%,14.25
web design professional,0,4,0%,17
software per menù agriturismo,0,4,0%,18.75
website design firm,0,4,0%,19.25
creazioni web,0,4,0%,20.75
web development agencies,0,4,0%,21.5
shopify arezzo,0,4,0%,29.25
software paghe per il settore vitivinicolo,0,4,0%,48
software gestionale aziende vinicole,0,4,0%,51.5
firma webdesign,0,3,0%,1.67
informatica web design,0,3,0%,2.33
web developer company,0,3,0%,3
web solutions services,0,3,0%,3
web design development,0,3,0%,4.33
"""consulenza"" ""crm"" -site:reddit.com -site:twitter.com -site:x.com 
-site:wykop.pl -site:tripadvisor.com -site:youtube.com -site:yelp.com 
-site:booking.com -site:facebook.com -site:instagram.com -site:tiktok.com",0,3,0%,5.67
arredamento software,0,3,0%,5.67
web designing service,0,3,0%,6
wed design,0,3,0%,7.33
software developement,0,3,0%,8.33
web agency per cantine,0,3,0%,8.33
web desigbn,0,3,0%,8.67
website solutions,0,3,0%,9
it solutions and services company,0,3,0%,11
iva sul vino in bottiglia,0,3,0%,11.33
software mobili,0,3,0%,11.67
software development,0,3,0%,12
sviluppo siti roma,0,3,0%,13.67
realizzazione ecommerce per cantine vitivinicole,0,3,0%,14
website developer company,0,3,0%,14
siti web per agriturismo,0,3,0%,14.33
solutions,0,3,0%,14.33
web design and hosting,0,3,0%,16
web design web development,0,3,0%,16
solution software,0,3,0%,17
software gestione cantina gratis,0,3,0%,17.33
realizzazioni siti e commerce,0,3,0%,18.33
programma comande agriturismo,0,3,0%,19
web site design company,0,3,0%,19.67
progettazione e-commerce roma,0,3,0%,20
websites designers,0,3,0%,21.33
software per comande agriturismo,0,3,0%,21.67
web marketing per cantine,0,3,0%,22.33
azienda programmazione software,0,3,0%,23.67
website designer website,0,3,0%,23.67
svillupo siti web,0,3,0%,27.33
professional web hosting,0,3,0%,28
gestionale agroalimentare,0,3,0%,35.33
software gestionale per aziende vinicole,0,3,0%,63
shop.mgsolutions.ro,0,3,0%,73
mobile website designer,0,2,0%,1
web designing companies,0,2,0%,1
web development firm,0,2,0%,1
web site designers,0,2,0%,1
sviluppo app roma,0,2,0%,1.5
web development service,0,2,0%,3.5
wordpress development company,0,2,0%,4.5
app making company,0,2,0%,6
websitedesign,0,2,0%,6
website design and development,0,2,0%,6.5
top mobile app development company,0,2,0%,7
website development service,0,2,0%,7
 - web designing companies,0,2,0%,7.5
mobile solutions,0,2,0%,8
developer software,0,2,0%,9
metodo steep,0,2,0%,9
mg italia,0,2,0%,9
web design and hosting service,0,2,0%,9.5
mg legal solutions,0,2,0%,10
services web design,0,2,0%,10
web design and hosting services,0,2,0%,10
web-design,0,2,0%,11
website design and development company,0,2,0%,11
desktop application development services,0,2,0%,11.5
website company,0,2,0%,11.5
web designers,0,2,0%,12
wordpress design,0,2,0%,12.5
informatica solutions,0,2,0%,13
website design service,0,2,0%,13
vino iva,0,2,0%,13.5
a web designer,0,2,0%,14
software development firm,0,2,0%,14
web desginer,0,2,0%,14
webapp su misura emilia romagna,0,2,0%,14
come vendere olio online,0,2,0%,14.5
software per le visite in cantina,0,2,0%,15
vendere olio di oliva produzione propria,0,2,0%,15.5
preventivo sito web per agriturismo,0,2,0%,16
web design firms,0,2,0%,16
email marketing vino,0,2,0%,16.5
web designer developer,0,2,0%,16.5
e-commerce roma,0,2,0%,17
società sviluppo app,0,2,0%,17
software,0,2,0%,17.5
wordpress developer,0,2,0%,17.5
mg call,0,2,0%,18
produzione software,0,2,0%,18
realizzazione sito,0,2,0%,19.5
top web development company,0,2,0%,19.5
web designer company,0,2,0%,20
creazione siti web webdesign,0,2,0%,20.5
consulenze siti web,0,2,0%,21
diseño web,0,2,0%,21.5
gestione comande agriturismo,0,2,0%,21.5
iva sui vini,0,2,0%,24
monteverdi vini,0,2,0%,24
app and web,0,2,0%,24.5
web design website design,0,2,0%,25.5
ecommerce solutions,0,2,0%,26.5
come vendere vino all'estero,0,2,0%,27
come ottenere il codice a barre vendita olio,0,2,0%,30
servizi di web design mobile,0,2,0%,30
vendere vino all'estero,0,2,0%,30
hosting roma,0,2,0%,31
italia web design company,0,2,0%,31
vendita vino all estero,0,2,0%,34
service designer,0,2,0%,40
software+aziende+vinicole,0,2,0%,41
azienda vinicola software,0,2,0%,45.5
export vino,0,2,0%,46
software gestione aziende vinicole,0,2,0%,46
banca pmi arezzo,0,2,0%,48
software gestione per azienda vinicola,0,2,0%,49
software gestione azienda vinicola,0,2,0%,58
gestionale magazzino vino,0,2,0%,72
app development services,0,1,0%,1
mobile app developer company,0,1,0%,1
mobile app developers,0,1,0%,1
programmatori web,0,1,0%,1
software services company,0,1,0%,1
sviluppo web mobile,0,1,0%,1
web development firms,0,1,0%,1
website design near me,0,1,0%,1
website development companies,0,1,0%,1
website development firms,0,1,0%,1
design webdesign,0,1,0%,2
mg italia contatti telefonici,0,1,0%,2
mobile software solution,0,1,0%,2
sviluppo app mobili roma,0,1,0%,2
website consultant,0,1,0%,2
wordpress design company,0,1,0%,2
services web development,0,1,0%,3
website and software development company,0,1,0%,3
wordpress design and development services,0,1,0%,3
wordpress web development company,0,1,0%,3
software application development services,0,1,0%,4
web-development,0,1,0%,4
website design developers,0,1,0%,4
website development design,0,1,0%,4
website services,0,1,0%,4
wordpress design service,0,1,0%,4
wordpress website design company,0,1,0%,4
mg suite,0,1,0%,5
web app development company,0,1,0%,5
web design company near me,0,1,0%,5
web developer designer,0,1,0%,5
website developer near me,0,1,0%,5
mg business,0,1,0%,6
step01,0,1,0%,6
web development and design company,0,1,0%,6
website deisgn,0,1,0%,6
website restyling,0,1,0%,6
garuzzo,0,1,0%,7
software developer companies,0,1,0%,7
web design & development,0,1,0%,7
web designer and developer,0,1,0%,7
web developer web designer,0,1,0%,7
website design company near me,0,1,0%,7
wordpress design development,0,1,0%,7
app development design,0,1,0%,8
professional website designer,0,1,0%,8
software development agency,0,1,0%,8
web design i,0,1,0%,8
wordpress web design services,0,1,0%,8
agribusiness solutions,0,1,0%,9
mobile app designers,0,1,0%,9
web desin,0,1,0%,9
website designing service,0,1,0%,9
wordpress developers,0,1,0%,9
business website developers,0,1,0%,10
design web development,0,1,0%,10
software professionali,0,1,0%,10
web and mobile application development company,0,1,0%,10
website development and design company,0,1,0%,10
aliquota iva vino in bottiglia,0,1,0%,11
wordpress developing,0,1,0%,11
wordpress web design,0,1,0%,11
booking agriturismo,0,1,0%,12
iva sul vino in italia,0,1,0%,12
mobile app development and design,0,1,0%,12
mobile software development company,0,1,0%,12
webdesign wordpress,0,1,0%,12
website desgin,0,1,0%,12
website design design,0,1,0%,12
website development firm,0,1,0%,12
on web design,0,1,0%,13
software company website,0,1,0%,13
sviluppo app mobile roma,0,1,0%,13
web design wordpress,0,1,0%,13
webdesigner wordpress,0,1,0%,13
website developement,0,1,0%,13
website disign,0,1,0%,13
your web designer,0,1,0%,13
application development services,0,1,0%,14
e commerce roma,0,1,0%,14
sito e commerce roma,0,1,0%,14
web design and,0,1,0%,14
website design service company,0,1,0%,14
company web development,0,1,0%,15
web designer service,0,1,0%,15
assistenza siti web wordpress,0,1,0%,16
siti web professionali roma,0,1,0%,16
soluzione mobile,0,1,0%,16
web desiner,0,1,0%,16
website design & development,0,1,0%,16
web desiger,0,1,0%,17
web design & web development,0,1,0%,17
garuzzo group,0,1,0%,18
graphic &amp; web design,0,1,0%,18
software servizi,0,1,0%,18
solitions,0,1,0%,18
solutuons,0,1,0%,18
web design programming,0,1,0%,18
soutions,0,1,0%,19
web design and development companies,0,1,0%,19
web design web,0,1,0%,19
webdesign developer,0,1,0%,19
azienda sviluppo applicazioni mobili,0,1,0%,20
design web,0,1,0%,20
ecommerce solution,0,1,0%,20
iva sul vino,0,1,0%,20
professional web designer,0,1,0%,20
software developing,0,1,0%,20
sviluppatore siti,0,1,0%,20
and web design,0,1,0%,21
corso web designer roma,0,1,0%,21
design company website,0,1,0%,21
design for web developers,0,1,0%,21
e-commerce software,0,1,0%,21
graphic and web designers,0,1,0%,21
it company website design,0,1,0%,21
iva vino,0,1,0%,21
m&g informatica,0,1,0%,21
professional website design company,0,1,0%,21
software development agencies,0,1,0%,21
software development consultancy,0,1,0%,21
svilippo siti web,0,1,0%,21
utility siti web,0,1,0%,21
web graphic designers,0,1,0%,21
web website design,0,1,0%,21
webdesign siti web,0,1,0%,21
website design graphic,0,1,0%,21
website making company,0,1,0%,21
channel manager agriturismo,0,1,0%,22
professional web design company,0,1,0%,22
realizzazione software,0,1,0%,22
restyling siti web,0,1,0%,22
sviluppo siti e commerce,0,1,0%,22
webdesign site,0,1,0%,22
webhosting service,0,1,0%,22
website graphic designer,0,1,0%,22
aliquota iva vini,0,1,0%,25
aliquota iva vino,0,1,0%,26
come vendere vino all estero,0,1,0%,27
società di informatica,0,1,0%,27
software solution,0,1,0%,28
software sviluppo,0,1,0%,28
webdesigner freelance,0,1,0%,29
vendere vino all estero,0,1,0%,30
web designer creative,0,1,0%,30
aliquota iva sui vini,0,1,0%,31
custom logo design co,0,1,0%,31
graphic design web design,0,1,0%,31
graphic website design,0,1,0%,31
internet website design,0,1,0%,31
italia company for website design,0,1,0%,31
media it solutions,0,1,0%,31
professional hosting,0,1,0%,31
professional web design agency,0,1,0%,31
professional web designs,0,1,0%,31
web designer and graphic designer,0,1,0%,31
web designer site,0,1,0%,31
web.hosting,0,1,0%,31
website development agencies,0,1,0%,31
software produzione romagna,0,1,0%,33
e-commerce,0,1,0%,38
ecommerce development,0,1,0%,41
garruzzo,0,1,0%,41
web hosting provider,0,1,0%,41
software aziende vitivinicole,0,1,0%,42
gestionale per enoteche,0,1,0%,45
software gestionale cantine distillerie,0,1,0%,52
spedire vino all'estero,0,1,0%,56