Pagine principali,Clic,Impressioni,CTR,Posizione
https://matteogaruzzo.com/,11,6091,0.18%,12.11
https://matteogaruzzo.com/blog/ecommerce-per-frantoi,7,544,1.29%,8.69
https://matteogaruzzo.com/blog/gestione-fiscale-ecommerce-vino-iva-fatturazione,4,134,2.99%,11.01
https://matteogaruzzo.com/blog/ecommerce-vino-margini-vendita-diretta,3,29,10.34%,4.34
https://matteogaruzzo.com/blog/siti-web-per-agriturismi,2,145,1.38%,10.36
https://matteogaruzzo.com/chi-sono,2,54,3.7%,4.83
https://matteogaruzzo.com/termini-e-condizioni,2,24,8.33%,9.29
https://matteogaruzzo.com/blog/software-per-agriturismi,1,395,0.25%,9.47
https://matteogaruzzo.com/software/hospitality,1,312,0.32%,34.53
https://matteogaruzzo.com/blog/software-per-cantine,1,177,0.56%,17.69
https://matteogaruzzo.com/blog/siti-web-per-cantine,1,84,1.19%,9.46
https://matteogaruzzo.com/blog/vendita-internazionale-vino-dtc-export-estero,1,68,1.47%,27.41
https://matteogaruzzo.com/servizi/ecommerce-shopify,1,41,2.44%,18.34
https://matteogaruzzo.com/software/frantoi,1,35,2.86%,31.14
https://matteogaruzzo.com/settori/oleifici-food-tech,1,23,4.35%,27.48
https://matteogaruzzo.com/settori/wine-hospitality-agriturismi,1,20,5%,12.9
https://matteogaruzzo.com/contatti,1,18,5.56%,8.17
https://matteogaruzzo.com/blog/chatbot-cantina-ai-customer-service,1,10,10%,6
https://matteogaruzzo.com/servizi/siti-web-contatti,1,10,10%,35.7
https://matteogaruzzo.com/software/pricing,1,9,11.11%,31.44
https://matteogaruzzo.com/software/vitivinicolo,0,268,0%,37.64
https://matteogaruzzo.com/software,0,58,0%,45.17
https://matteogaruzzo.com/blog/agriturismo-booking-online-prenotazioni,0,50,0%,14.16
https://matteogaruzzo.com/blog/degustazioni-cantina-trasformare-visite-vendite,0,38,0%,9.63
https://matteogaruzzo.com/prenota-call,0,29,0%,7.41
https://matteogaruzzo.com/portfolio/tenuta-monteverdi,0,27,0%,9.89
https://matteogaruzzo.com/geo/lombardia,0,24,0%,12.79
https://matteogaruzzo.com/settori,0,20,0%,45.1
https://matteogaruzzo.com/geo/umbria,0,18,0%,10.61
https://matteogaruzzo.com/blog/storytelling-vino-marketing-vendite,0,17,0%,7.59
https://matteogaruzzo.com/servizi/automazioni-ai,0,17,0%,27.76
https://matteogaruzzo.com/blog,0,15,0%,26.07
https://matteogaruzzo.com/blog/agenti-ai-processo-commerciale,0,11,0%,29.45
https://matteogaruzzo.com/metodo/analisi-e-obiettivi,0,10,0%,8.5
https://matteogaruzzo.com/blog/comunicare-sostenibilita-cantina-marketing-vendite,0,9,0%,4.78
https://matteogaruzzo.com/blog/specialista-digitale-vs-web-agency-agroalimentare,0,9,0%,5.89
https://matteogaruzzo.com/blog/cross-selling-upselling-cantina-scontrino-medio,0,9,0%,17.44
https://matteogaruzzo.com/blog/email-marketing-sequenze-automatiche-cantina-visitatori,0,9,0%,21.89
https://matteogaruzzo.com/blog/ridurre-no-show-prenotazioni-cantina-promemoria,0,8,0%,17.75
https://matteogaruzzo.com/geo/liguria,0,7,0%,3
https://matteogaruzzo.com/blog/seo-locale-agroalimentare-google-maps,0,7,0%,6.71
https://matteogaruzzo.com/geo/emilia-romagna,0,7,0%,10.43
https://matteogaruzzo.com/blog/pos-cassa-cantina-vendita-degustazione,0,6,0%,6.17
https://matteogaruzzo.com/blog/enoturismo-prenotazioni-online-vendite-dirette,0,6,0%,7.33
https://matteogaruzzo.com/blog/shopify-velocita-conversioni,0,6,0%,11.83
https://matteogaruzzo.com/blog/multi-canale-cantina-getyourguide-viator-ota,0,6,0%,17.33
https://matteogaruzzo.com/metodo,0,5,0%,3.6
https://matteogaruzzo.com/geo/veneto,0,5,0%,4.4
https://matteogaruzzo.com/geo/friuli-venezia-giulia,0,5,0%,7.6
https://matteogaruzzo.com/software/booking-experience,0,5,0%,8
https://matteogaruzzo.com/blog/tag/google-maps,0,5,0%,22.6
https://matteogaruzzo.com/servizi/software-ai-su-misura,0,4,0%,5
https://matteogaruzzo.com/portfolio/azienda-rossi,0,4,0%,6.5
https://matteogaruzzo.com/software/lead-sales,0,4,0%,7.75
https://matteogaruzzo.com/blog/ecommerce-vino-vendite-dirette,0,4,0%,8
https://matteogaruzzo.com/portfolio/podere-la-vite,0,4,0%,10.5
https://matteogaruzzo.com/blog/seo-geo-farsi-trovare-ai,0,4,0%,15.25
https://matteogaruzzo.com/geo/piemonte,0,4,0%,67.75
https://matteogaruzzo.com/metodo/strategia-di-settore,0,3,0%,2.33
https://matteogaruzzo.com/quiz,0,3,0%,3.67
https://matteogaruzzo.com/servizi/consulenza-strategica,0,3,0%,6
https://matteogaruzzo.com/portfolio/frantoi-san-lorenzo,0,3,0%,7
https://matteogaruzzo.com/servizi/restyling-ottimizzazione,0,3,0%,8.33
https://matteogaruzzo.com/blog/tag/processi,0,3,0%,14
https://matteogaruzzo.com/metodo/sviluppo,0,3,0%,23.67
https://matteogaruzzo.com/settori/wine-viticulture,0,3,0%,29.67
https://matteogaruzzo.com/blog/formazione-team-accoglienza-cantina-vendite,0,3,0%,35.67
https://matteogaruzzo.com/geo/toscana,0,3,0%,38.33
https://matteogaruzzo.com/blog/tag/shopify,0,3,0%,42
https://matteogaruzzo.com/cookie-policy,0,3,0%,56.67
https://matteogaruzzo.com/servizi,0,3,0%,86.33
https://matteogaruzzo.com/risorse,0,3,0%,91.33
https://matteogaruzzo.com/privacy-policy,0,2,0%,1
https://matteogaruzzo.com/blog/tag/ai,0,2,0%,4.5
https://matteogaruzzo.com/blog/tag/agribusiness,0,2,0%,5.5
https://matteogaruzzo.com/blog/tag/web-design,0,2,0%,11.5
https://matteogaruzzo.com/geo/sicilia,0,2,0%,14
https://matteogaruzzo.com/blog/tag/strategia,0,2,0%,16
https://matteogaruzzo.com/blog/tag/freelancer,0,2,0%,16.5
https://matteogaruzzo.com/blog/tag/agriturismo,0,2,0%,17
https://matteogaruzzo.com/metodo/design,0,2,0%,19
https://matteogaruzzo.com/geo/basilicata,0,2,0%,20
https://matteogaruzzo.com/software/social-ai,0,2,0%,21.5
https://matteogaruzzo.com/geo,0,2,0%,43
https://matteogaruzzo.com/blog/tag/finanziamenti-pmi,0,2,0%,48
https://matteogaruzzo.com/blog/tag/software-frantoi,0,2,0%,55
https://matteogaruzzo.com/geo/sardegna,0,2,0%,56.5
https://matteogaruzzo.com/blog/tag/frantoi,0,2,0%,68
https://matteogaruzzo.com/geo/valle-daosta,0,2,0%,94.5
https://matteogaruzzo.com/blog/ecommerce-for-frantoi,0,1,0%,1
https://matteogaruzzo.com/blog/bandi-incentivi-digitalizzazione-agroalimentare,0,1,0%,3
https://matteogaruzzo.com/portfolio/tasting-flow,0,1,0%,3
https://matteogaruzzo.com/blog/agente-ai-reparto-commerciale,0,1,0%,5
https://matteogaruzzo.com/blog/scegliere-partner-digitale-checklist,0,1,0%,6
https://matteogaruzzo.com/blog/tag/email-marketing,0,1,0%,7
https://matteogaruzzo.com/blog/tag/wine-tourism,0,1,0%,7
https://matteogaruzzo.com/blog/tag/web-agency,0,1,0%,8
https://matteogaruzzo.com/blog/tag/content-marketing,0,1,0%,9
https://matteogaruzzo.com/blog/tag/crm,0,1,0%,9
https://matteogaruzzo.com/blog/software-frantoi-gestione-ordini-crm,0,1,0%,10
https://matteogaruzzo.com/blog/tag/brand,0,1,0%,15
https://matteogaruzzo.com/blog/tag/fiscalita,0,1,0%,28
https://matteogaruzzo.com/referral,0,1,0%,55
https://matteogaruzzo.com/blog/tag/agroalimentare,0,1,0%,64
https://matteogaruzzo.com/blog/tag/local-seo,0,1,0%,83